20260529,1482
20260530,1482
20260531,1482
20260601,1485
20260602,1486
20260603,1488
20260604,1491
20260605,1493
20260606,1500
20260607,1500
20260608,1501
20260609,1503
20260610,1505
20260611,1507
20260612,1508
20260613,1510
20260614,1513
20260615,1516
20260616,1517
20260617,1518
20260619,1519
20260619,1536
20260620,1537
20260621,1537
20260622,1537
20260623,1539
20260624,1540
20260625,1546
20260626,1549
20260627,1550
20260628,1551
20260629,1553
20260630,1553
20260701,1554
20260702,1555
20260703,1560
20260704,1560
20260705,1561
20260706,1564
20260707,1569
20260708,1572
20260709,1574
20260710,1576
20260711,1582
20260712,1583
20260713,1586
20260714,1588
20260715,1591
20260716,1593
20260717,1594
20260718,1599
20260719,1602
20260720,1606
20260721,1609
20260722,1610
20260723,1611
20260724,1614
20260725,1617
20260726,1618
20260727,1619
20260728,1619
20260729,1619
20260730,1619
20260731,1622
20260801,1623
20260802,1623
20260803,1627
20260804,1629
20260805,1631
20260807,1634
20260807,1639
20260808,1641
20260809,1642
20260810,1644
20260811,1648
20260812,1649
20260813,1650
20260814,1653
20260815,1654
20260816,1655
20260817,1655
20260818,1657
20260819,1659
20260820,1661
20260821,1666
20260822,1668
20260823,1668
20260824,1668
20260825,1668
20260826,1669
20260828,1670
20260829,1671
20260829,1672
